<?xml version="1.0" encoding="utf-8"?>
<!DOCTYPE hibernate-mapping PUBLIC "-//Hibernate/Hibernate Mapping DTD 3.0//EN"
"http://hibernate.sourceforge.net/hibernate-mapping-3.0.dtd">
<!-- 
    Mapping file autogenerated by MyEclipse Persistence Tools
-->
<hibernate-mapping>
    <class name="dwz.persistence.beans.ConFile" table="con_file" lazy="false">
        <id name="id" type="java.lang.String">
            <column name="ID" length="32" />
            <generator class="uuid.hex" />
        </id>
        <many-to-one name="conFolder" class="dwz.persistence.beans.ConFolder" fetch="select">
            <column name="FOLDER_ID" not-null="false" unique="true" />
        </many-to-one>
        <property name="userId" type="java.lang.String">
            <column name="USER_ID" />
        </property>
        <property name="name" type="java.lang.String">
            <column name="NAME" not-null="true" />
        </property>
        <property name="ext" type="java.lang.String">
            <column name="EXT" />
        </property>
        <property name="path" type="java.lang.String">
            <column name="PATH" />
        </property>
        <property name="size" type="java.lang.Integer">
            <column name="SIZE" />
        </property>
        <property name="resize" type="java.lang.Integer">
            <column name="RESIZE" />
        </property>
        <property name="insertDate" type="java.util.Date">
            <column name="INSERT_DATE" length="19" not-null="true" />
        </property>
        <property name="updateDate" type="java.util.Date">
            <column name="UPDATE_DATE" />
        </property>

    </class>
    <query
		name="dwz.persistence.daos.ConFileDao.deleteAllByPath">
		<![CDATA[delete from ConFile as conFile where conFile.path = ?]]>
	</query>    
	<query
		name="dwz.persistence.daos.ConFileDao.findIdsByPath">
		<![CDATA[select conFile.id from ConFile as conFile where conFile.path = ?]]>
	</query>
	<query
		name="dwz.persistence.daos.ConFileDao.findBetweenDateFileCount">
		<![CDATA[select count(conFile.id) from ConFile as conFile where conFile.insertDate >= ? and conFile.insertDate <= ?]]>
	</query> 
</hibernate-mapping>
