<?xml version="1.0" encoding="utf-8"?>
<!DOCTYPE hibernate-mapping PUBLIC "-//Hibernate/Hibernate Mapping DTD 3.0//EN"
"http://hibernate.sourceforge.net/hibernate-mapping-3.0.dtd">
<!-- 
    Mapping file autogenerated by MyEclipse Persistence Tools
-->
<hibernate-mapping>
    <class name="dwz.persistence.beans.ConFolder" table="con_folder" lazy="false">
        <id name="id" type="java.lang.String">
            <column name="ID" length="32" />
            <generator class="uuid.hex" />
        </id>
        <many-to-one name="role" class="dwz.persistence.beans.SysRole" fetch="select">
            <column name="ROLE_ID" not-null="true"  />
        </many-to-one>
        <property name="name" type="java.lang.String">
            <column name="NAME" length="128" not-null="true" />
        </property>
        <property name="insertDate" type="java.util.Date">
            <column name="INSERT_DATE" length="19" not-null="true" />
        </property>
        <property name="lft" type="java.lang.Integer">
            <column name="LFT"  />
        </property>
        <property name="rgt" type="java.lang.Integer">
            <column name="RGT" />
        </property>
        <property name="parentId" type="java.lang.String">
            <column name="PARENT_ID" length="32" />
        </property>
		<property name="insertBy" type="java.lang.String">
            <column name="INSERT_BY" length="32" not-null="true"/>
        </property>
        <set name="conFiles" inverse="true">
            <key>
                <column name="FOLDER_ID" not-null="true" unique="true" />
            </key>
            <one-to-many class="dwz.persistence.beans.ConFile" />
        </set>
    </class>
    
    <query name="dwz.persistence.daos.ConFolderDao.findConFoldersByRole">
		<![CDATA[select conFolder from ConFolder as conFolder where conFolder.role.id = ?]]>
	</query>
	
    
</hibernate-mapping>
