<?xml version="1.0" encoding="utf-8"?>
<!DOCTYPE hibernate-mapping PUBLIC "-//Hibernate/Hibernate Mapping DTD 3.0//EN"
"http://hibernate.sourceforge.net/hibernate-mapping-3.0.dtd">
<!-- 
    Mapping file autogenerated by MyEclipse Persistence Tools
-->
<hibernate-mapping>
    <class name="dwz.persistence.beans.InfNews" table="inf_news" lazy="false">
        <id name="id" type="java.lang.Integer">
            <column name="ID" />
            <generator class="native" />
        </id>
        <property name="companyId" type="java.lang.Integer">
            <column name="COMPANY_ID" />
        </property>
        <property name="type" type="java.lang.String">
            <column name="TYPE" not-null="true" />
        </property>
        <property name="status" type="java.lang.String">
            <column name="STATUS" not-null="true" />
        </property>
        <property name="title" type="java.lang.String">
            <column name="TITLE" />
        </property>
        <property name="content" type="java.lang.String">
            <column name="CONTENT" />
        </property>
        <property name="author" type="java.lang.String">
            <column name="AUTHOR" />
        </property>
        <property name="source" type="java.lang.String">
            <column name="SOURCE" />
        </property>
        <property name="insertDate" type="java.util.Date">
            <column name="INSERT_DATE" length="19" not-null="true" />
        </property>
        <property name="updateDate" type="java.util.Date">
            <column name="UPDATE_DATE" length="19" not-null="true" />
        </property>
    </class>
    <query
		name="dwz.persistence.daos.InfNewsDao.findByTypePageBreak">
		<![CDATA[from InfNews as model where model.type = ? and model.status = 'ACTIVE' order by updateDate desc]]>
	</query>
	<query name="dwz.persistence.daos.InfNewsDao.findPrevPageBreak">
    	<![CDATA[from InfNews as model where model.type = ? and model.updateDate > ? and model.status = 'ACTIVE' order by model.updateDate]]>
    </query> 
    <query name="dwz.persistence.daos.InfNewsDao.findNextPageBreak">
    	<![CDATA[from InfNews as model where model.type = ? and model.updateDate < ? and model.status = 'ACTIVE' order by model.updateDate desc]]>
    </query>
    <query name="dwz.persistence.daos.InfNewsDao.updateAllStatus">
    	<![CDATA[update InfNews as model set model.status = ? where model.id = ?]]>
    </query> 
</hibernate-mapping>
