<?xml version="1.0" encoding="utf-8"?>
<!DOCTYPE hibernate-mapping PUBLIC "-//Hibernate/Hibernate Mapping DTD 3.0//EN"
"http://hibernate.sourceforge.net/hibernate-mapping-3.0.dtd">
<!-- 
    Mapping file autogenerated by MyEclipse Persistence Tools
-->
<hibernate-mapping>
    <class name="dwz.persistence.beans.SetPreference" table="set_preference" lazy="false">
        <id name="id" type="java.lang.Integer">
            <column name="ID" />
            <generator class="native" />
        </id>
        <property name="companyId" type="java.lang.Integer">
            <column name="COMPANY_ID" not-null="true" />
        </property>
        <property name="refKey" type="java.lang.String">
            <column name="REF_KEY" length="100" not-null="true" />
        </property>
        <property name="refValue" type="java.lang.String">
            <column name="REF_VALUE" length="65535" />
        </property>
        <property name="insertDate" type="java.util.Date">
            <column name="INSERT_DATE" length="19" not-null="true" />
        </property>
        <property name="updateDate" type="java.util.Date">
            <column name="UPDATE_DATE" length="19" />
        </property>
    </class>
    <query
		name="dwz.persistence.daos.SetPreferenceDao.findValueByPrefKey">
		<![CDATA[select setPreference.refValue from SetPreference as setPreference where setPreference.companyId = ? and setPreference.refKey = ? ]]>
	</query>
	<query
		name="dwz.persistence.daos.SetPreferenceDao.findByPrefKey">
		<![CDATA[from SetPreference as setPreference where setPreference.companyId = ? and setPreference.refKey = ? ]]>
	</query>
</hibernate-mapping>
