<?xml version="1.0" encoding="utf-8"?>
<!DOCTYPE hibernate-mapping PUBLIC "-//Hibernate/Hibernate Mapping DTD 3.0//EN"
"http://hibernate.sourceforge.net/hibernate-mapping-3.0.dtd">
<!-- 
    Mapping file autogenerated by MyEclipse Persistence Tools
-->
<hibernate-mapping>
    <class name="dwz.persistence.beans.SysLog" table="sys_log" lazy="false">
        <id name="id" type="java.lang.String">
            <column name="ID" length="32" />
            <generator class="uuid.hex" />
        </id>
        <property name="userId" type="java.lang.String">
            <column name="USER_ID" length="32" not-null="true" />
        </property>
        <property name="logType" type="java.lang.String">
            <column name="LOG_TYPE" not-null="true" />
        </property>
        <property name="logLevel" type="java.lang.String">
            <column name="LOG_LEVEL" not-null="true" />
        </property>
        <property name="ipAddress" type="java.lang.String">
            <column name="IP_ADDRESS" />
        </property>
        <property name="name" type="java.lang.String">
            <column name="NAME" />
        </property>
        <property name="content" type="java.lang.String">
            <column name="CONTENT" length="65535" />
        </property>
        <property name="insertDate" type="java.util.Date">
            <column name="INSERT_DATE" length="19" not-null="true" />
        </property>
    </class>
</hibernate-mapping>
