<?xml version="1.0" encoding="utf-8"?>
<!DOCTYPE hibernate-mapping PUBLIC "-//Hibernate/Hibernate Mapping DTD 3.0//EN"
"http://hibernate.sourceforge.net/hibernate-mapping-3.0.dtd">
<!-- 
    Mapping file autogenerated by MyEclipse Persistence Tools
-->
<hibernate-mapping>
    <class name="dwz.persistence.beans.SysPermission" table="sys_permission" lazy="false">
        <composite-id name="id" class="dwz.persistence.beans.SysPermissionId">
            <key-many-to-one name="sysRole" class="dwz.persistence.beans.SysRole">
                <column name="ROLE_ID" />
            </key-many-to-one>
            <key-many-to-one name="sysResource" class="dwz.persistence.beans.SysResource">
                <column name="RESOURCE_ID" />
            </key-many-to-one>
        </composite-id>
    </class>
</hibernate-mapping>
