<?xml version="1.0" encoding="utf-8"?>
<!DOCTYPE hibernate-mapping PUBLIC "-//Hibernate/Hibernate Mapping DTD 3.0//EN"
"http://hibernate.sourceforge.net/hibernate-mapping-3.0.dtd">
<!-- 
    Mapping file autogenerated by MyEclipse Persistence Tools
-->
<hibernate-mapping>
    <class name="dwz.persistence.beans.SysResource" table="sys_resource" lazy="false">
        <id name="id" type="java.lang.Integer">
            <column name="ID" />
            <generator class="assigned"></generator>
        </id>
        <property name="sn" type="java.lang.String">
            <column name="SN" not-null="true" />
        </property>
        <property name="name" type="java.lang.String">
            <column name="NAME" />
        </property>
        <property name="description" type="java.lang.String">
            <column name="DESCRIPTION" />
        </property>
        <property name="purview" type="java.lang.Short">
            <column name="PURVIEW" not-null="true" />
        </property>
        <set name="sysPermissions" inverse="true">
            <key>
                <column name="RESOURCE_ID" not-null="true" />
            </key>
            <one-to-many class="dwz.persistence.beans.SysPermission" />
        </set>
    </class>
</hibernate-mapping>
