<?xml version="1.0" encoding="utf-8"?>
<!DOCTYPE hibernate-mapping PUBLIC "-//Hibernate/Hibernate Mapping DTD 3.0//EN"
"http://hibernate.sourceforge.net/hibernate-mapping-3.0.dtd">
<!-- 
    Mapping file autogenerated by MyEclipse Persistence Tools
-->
<hibernate-mapping>
    <class name="dwz.persistence.beans.SysRole" table="sys_role" lazy="false">
        <id name="id" type="java.lang.Integer">
            <column name="ID" />
            <generator class="assigned"></generator>
        </id>
        <property name="name" type="java.lang.String">
            <column name="NAME" not-null="true" />
        </property>
        <property name="description" type="java.lang.String">
            <column name="DESCRIPTION" />
        </property>
        <property name="status" type="java.lang.String">
            <column name="STATUS" />
        </property>
        <set name="sysPermissions" inverse="true">
            <key>
                <column name="ROLE_ID" not-null="true" />
            </key>
            <one-to-many class="dwz.persistence.beans.SysPermission" />
        </set>
        <set name="sysUserRoles" inverse="true">
            <key>
                <column name="ROLE_ID" not-null="true" />
            </key>
            <one-to-many class="dwz.persistence.beans.SysUserRole" />
        </set>
    </class>

	<query name="dwz.persistence.daos.SysRoleDao.findRoleListByUser">
		<![CDATA[select r from SysRole as r left join r.sysUserRoles as ur 
					where ur.id.sysUser.id = ? ]]>
	</query>
	<query name="dwz.persistence.daos.SysRoleDao.findAllRoleList">
		<![CDATA[select r from SysRole as r order by r.name]]>
	</query>
</hibernate-mapping>