<?xml version="1.0" encoding="utf-8"?>
<!DOCTYPE hibernate-mapping PUBLIC "-//Hibernate/Hibernate Mapping DTD 3.0//EN"
"http://hibernate.sourceforge.net/hibernate-mapping-3.0.dtd">
<!-- 
    Mapping file autogenerated by MyEclipse Persistence Tools
-->
<hibernate-mapping>
    <class name="dwz.persistence.beans.SysSession" table="sys_session" lazy="false">
        <id name="id" type="java.lang.String">
            <column name="id" length="50" />
            <generator class="assigned" />
        </id>
        <property name="userId" type="java.lang.String">
            <column name="user_id" length="32" />
        </property>
        <property name="sessionIp" type="java.lang.String">
            <column name="session_ip" length="30" />
        </property>
        <property name="startDate" type="java.util.Date">
            <column name="start_date" length="0" />
        </property>

        <property name="accessDate" type="java.util.Date">
            <column name="access_date" length="0" />
        </property>
    </class>
    <query
		name="dwz.persistence.daos.SysSessionDao.findRecordById">
		<![CDATA[select sysSession.id from SysSession as sysSession where sysSession.id = ?]]>
	</query>
	<query
		name="dwz.persistence.daos.SysSessionDao.deleteAllById">
		<![CDATA[delete from SysSession as sysSession where sysSession.id = ?]]>
	</query>	
	<query
		name="dwz.persistence.daos.SysSessionDao.deleteAllTimeout">
		<![CDATA[delete from SysSession as sysSession where sysSession.accessDate <= ?]]>
	</query>
	<query
		name="dwz.persistence.daos.SysSessionDao.updateAllaccessDate">
		<![CDATA[update SysSession as sysSession set sysSession.accessDate = ? where sysSession.id = ?]]>
	</query>  
</hibernate-mapping>
