<?xml version="1.0" encoding="utf-8"?>
<!DOCTYPE hibernate-mapping PUBLIC "-//Hibernate/Hibernate Mapping DTD 3.0//EN"
"http://hibernate.sourceforge.net/hibernate-mapping-3.0.dtd">
<!-- 
    Mapping file autogenerated by MyEclipse Persistence Tools
-->
<hibernate-mapping>
    <class name="dwz.persistence.beans.SysUser" table="sys_user" lazy="false">
        <id name="id" type="java.lang.String">
            <column name="ID" length="32" />
            <generator class="uuid.hex" />
        </id>

        <property name="title" type="java.lang.String">
            <column name="TITLE" />
        </property>
        <property name="userName" type="java.lang.String">
            <column name="USER_NAME" not-null="true"/>
        </property>
        <property name="password" type="java.lang.String">
            <column name="PASSWORD" />
        </property>
        <property name="userType" type="java.lang.String">
            <column name="USER_TYPE" not-null="true" />
        </property>
        <property name="firstName" type="java.lang.String">
            <column name="FIRST_NAME" />
        </property>
        <property name="lastName" type="java.lang.String">
            <column name="LAST_NAME" />
        </property>
         <property name="postcode" type="java.lang.String">
            <column name="POST_CODE" />
        </property>
        <property name="email" type="java.lang.String">
            <column name="EMAIL" />
        </property>
        <property name="phone" type="java.lang.String">
            <column name="PHONE" />
        </property>
        <property name="status" type="java.lang.String">
            <column name="STATUS" not-null="true" />
        </property>
        <property name="birthDate" type="java.util.Date">
            <column name="BIRTH_DATE" />
        </property>
        <property name="insertDate" type="java.util.Date">
            <column name="INSERT_DATE" not-null="true" />
        </property>
        <property name="updateDate" type="java.util.Date">
            <column name="UPDATE_DATE" not-null="true" />
        </property>
        <property name="insertBy" type="java.lang.String">
            <column name="INSERT_BY" length="32" not-null="true"/>
        </property>
        
        <set name="sysUserRoles" inverse="true">
            <key>
                <column name="USER_ID" length="32" not-null="true" />
            </key>
            <one-to-many class="dwz.persistence.beans.SysUserRole" />
        </set>
    </class>
    
    <query
		name="dwz.persistence.daos.SysUserDao.findByPublicCredential">
		<![CDATA[select sysUser.id from SysUser as sysUser where sysUser.userName = ? and sysUser.password = ? and (sysUser.status='ACTIVE' or sysUser.status='TEST')]]>
	</query>
    <query name="dwz.persistence.daos.SysUserDao.findUserByName">
    	<![CDATA[from SysUser as sysUser where sysUser.userName = ? ]]>
    </query>

    <query name="dwz.persistence.daos.SysUserDao.findAllUserPageBreak">
    	<![CDATA[from SysUser as sysUser where sysUser.userType = ?]]>
    </query>
    <query name="dwz.persistence.daos.SysUserDao.findUsersCount">
    	<![CDATA[select count(sysUser.id) from SysUser as sysUser where sysUser.userType = ?]]>
    </query>
    <query name="dwz.persistence.daos.SysUserDao.findUsernameUnique">
    	<![CDATA[select count(sysUser.id) from SysUser as sysUser where sysUser.id != ? and sysUser.userName = ? and sysUser.status != 'DELETED']]>
    </query>
    
    
</hibernate-mapping>
