<?xml version="1.0" encoding="utf-8"?>
<!DOCTYPE hibernate-mapping PUBLIC "-//Hibernate/Hibernate Mapping DTD 3.0//EN"
"http://hibernate.sourceforge.net/hibernate-mapping-3.0.dtd">
<!-- 
    Mapping file autogenerated by MyEclipse Persistence Tools
-->
<hibernate-mapping>
    <class name="dwz.persistence.beans.SysUserRole" table="sys_user_role" lazy="false">
        <composite-id name="id" class="dwz.persistence.beans.SysUserRoleId">
            <key-many-to-one name="sysUser" class="dwz.persistence.beans.SysUser">
                <column name="USER_ID" length="32" />
            </key-many-to-one>
            <key-many-to-one name="sysRole" class="dwz.persistence.beans.SysRole">
                <column name="ROLE_ID" />
            </key-many-to-one>
        </composite-id>
    </class>
    
    
	<query name="dwz.persistence.daos.SysUserRoleDao.findRolesByUser">
		<![CDATA[from SysUserRole as sysUserRole where sysUserRole.id.sysUser.id = ?]]>
	</query>
	
	<query name="dwz.persistence.daos.SysUserRoleDao.deleteAllByUser">
		<![CDATA[delete from SysUserRole as sysUserRole where sysUserRole.id.sysUser.id = ?]]>
	</query>
</hibernate-mapping>