<?xml version="1.0" encoding="utf-8"?>
<!DOCTYPE hibernate-mapping PUBLIC "-//Hibernate/Hibernate Mapping DTD 3.0//EN"
"http://hibernate.sourceforge.net/hibernate-mapping-3.0.dtd">
<!-- 
    Mapping file autogenerated by MyEclipse Persistence Tools
-->
<hibernate-mapping>
    <class name="dwz.persistence.beans.WebPage" table="web_page" lazy="false">
        <id name="id" type="java.lang.Integer">
            <column name="ID" />
            <generator class="native" />
        </id>
		<property name="name" type="java.lang.String">
            <column name="NAME" />
        </property>
        <property name="title" type="java.lang.String">
            <column name="TITLE" />
        </property>
        <property name="metaKeywords" type="java.lang.String">
            <column name="META_KEYWORDS" />
        </property>
        <property name="metaDescription" type="java.lang.String">
            <column name="META_DESCRIPTION" />
        </property>
        <property name="content" type="java.lang.String">
            <column name="CONTENT" />
        </property>
        <property name="target" type="java.lang.String">
            <column name="TARGET" />
        </property>
        <property name="insertDate" type="java.util.Date">
            <column name="INSERT_DATE" length="19" not-null="true" />
        </property>
        <property name="updateDate" type="java.util.Date">
            <column name="UPDATE_DATE" length="19" />
        </property>
        <property name="sequence" type="java.lang.Integer">
            <column name="SEQUENCE" length="5" />
        </property>
    </class>
    
    <query name="dwz.persistence.daos.WebPageDao.findAllWebPage">
		<![CDATA[from WebPage as webPage order by webPage.sequence]]>
	</query>
    
    <query name="dwz.persistence.daos.WebPageDao.findWebPageByTarget">
		<![CDATA[from WebPage as webPage where target like ? order by webPage.sequence]]>
	</query>

</hibernate-mapping>
