<?xml version="1.0" encoding="utf-8"?>
<!DOCTYPE hibernate-mapping PUBLIC "-//Hibernate/Hibernate Mapping DTD 3.0//EN"
"http://hibernate.sourceforge.net/hibernate-mapping-3.0.dtd">
<!-- 
    Mapping file autogenerated by MyEclipse Persistence Tools
-->
<hibernate-mapping>
    <class name="dwz.persistence.beans.WebWebsite" table="web_website" lazy="false">
        <id name="id" type="java.lang.Integer">
            <column name="ID" />
            <generator class="native" />
        </id>
        
        <property name="title" type="java.lang.String">
            <column name="TITLE" not-null="true" />
        </property>
        <property name="metaKeywords" type="java.lang.String">
            <column name="META_KEYWORDS" />
        </property>
        <property name="metaDescription" type="java.lang.String">
            <column name="META_DESCRIPTION" />
        </property>
        <property name="template" type="java.lang.String">
            <column name="TEMPLATE" />
        </property>
        <property name="layout" type="java.lang.String">
            <column name="LAYOUT" />
        </property>
        <property name="theme" type="java.lang.String">
            <column name="THEME" />
        </property>
        <property name="logo" type="java.lang.String">
            <column name="LOGO" />
        </property>
        <property name="areaHeader" type="java.lang.String">
            <column name="AREA_HEADER" />
        </property>
        <property name="areaSidebar" type="java.lang.String">
            <column name="AREA_SIDEBAR" />
        </property>
        <property name="areaBanner" type="java.lang.String">
            <column name="AREA_BANNER" />
        </property>
        <property name="areaFooter" type="java.lang.String">
            <column name="AREA_FOOTER" />
        </property>
        <property name="icp" type="java.lang.String">
            <column name="ICP" />
        </property>
        <set name="webPages" inverse="true">
            <key>
                <column name="WEBSITE_ID" not-null="true" />
            </key>
            <one-to-many class="dwz.persistence.beans.WebPage" />
        </set>
        
    </class>

</hibernate-mapping>
