<?xml version="1.0" encoding="UTF-8"?>
<beans 
	xmlns="http://www.springframework.org/schema/beans"
	xmlns:xsi="http://www.w3.org/2001/XMLSchema-instance" 
	xmlns:aop="http://www.springframework.org/schema/aop"
	xmlns:context="http://www.springframework.org/schema/context"
	xmlns:mvc="http://www.springframework.org/schema/mvc" 
	xmlns:tx="http://www.springframework.org/schema/tx"
	xmlns:jdbc="http://www.springframework.org/schema/jdbc"
	
	xsi:schemaLocation="
		http://www.springframework.org/schema/beans http://www.springframework.org/schema/beans/spring-beans-3.0.xsd
		http://www.springframework.org/schema/aop http://www.springframework.org/schema/aop/spring-aop-3.0.xsd
		http://www.springframework.org/schema/jdbc http://www.springframework.org/schema/jdbc/spring-jdbc-3.0.xsd
		http://www.springframework.org/schema/context http://www.springframework.org/schema/context/spring-context-3.0.xsd
		http://www.springframework.org/schema/mvc http://www.springframework.org/schema/mvc/spring-mvc-3.0.xsd
		http://www.springframework.org/schema/tx http://www.springframework.org/schema/tx/spring-tx-3.0.xsd">
	
	<bean class="org.springframework.beans.factory.config.PropertyPlaceholderConfigurer">
		<property name="ignoreResourceNotFound" value="true" />
		<property name="locations" value="classpath*:/jdbc.properties"/>
	</bean>
	
	<bean id="dataSource" class="org.apache.commons.dbcp.BasicDataSource" destroy-method="close">
		<!-- Connection Info -->
		<property name="driverClassName" value="${jdbc.driverClassName}" />
		<property name="url" value="${jdbc.url}" />
		<property name="username" value="${jdbc.username}" />
		<property name="password" value="${jdbc.password}" />

		<!-- Connection Pooling Info -->
		<property name="maxActive" value="${dbcp.maxActive}" />
		<property name="maxIdle" value="${dbcp.maxIdle}" />
		<property name="defaultAutoCommit" value="false" />
		<property name="timeBetweenEvictionRunsMillis" value="3600000"/>
		<property name="minEvictableIdleTimeMillis" value="3600000"/>
	</bean>

	<!-- enable autowire -->
    <context:annotation-config />
    
	<!--MyBatis integration with Spring as define sqlSessionFactory -->
	<bean id="sqlSessionFactory" class="org.mybatis.spring.SqlSessionFactoryBean">
		<property name="dataSource" ref="dataSource" />
		<property name="configLocation" value="classpath:mybatis-configuration.xml"/>
		<!-- <property name="mapperLocations" value="classpath*:cn/com/ecointel/roomyi/authority/persistence/*.xml" /> -->
	</bean>
	
	<bean id="mapperScanner" class="org.mybatis.spring.mapper.MapperScannerConfigurer">
		<property name="basePackage" value="dwz.**.persistence" />
		<property name="sqlSessionFactory" ref="sqlSessionFactory" />
	</bean>
	
	<!-- transaction manager, use JtaTransactionManager for global tx -->
    <bean id="transactionManager" class="org.springframework.jdbc.datasource.DataSourceTransactionManager">
        <property name="dataSource" ref="dataSource" />
    </bean>
	
	<tx:annotation-driven transaction-manager="transactionManager" />
	
	<!-- 扫描service -->
	<context:component-scan base-package="dwz.**.impl" />
	
	<bean id="springContextHolder" class="dwz.framework.spring.SpringContextHolder" />
	
</beans> 