<?xml version='1.0' encoding='UTF-8'?>
<!DOCTYPE hibernate-configuration PUBLIC
          "-//Hibernate/Hibernate Configuration DTD 3.0//EN"
          "http://hibernate.sourceforge.net/hibernate-configuration-3.0.dtd">

<!-- Generated by MyEclipse Hibernate Tools. -->
<hibernate-configuration>
	<session-factory>
		<property name="connection.driver_class">com.mysql.jdbc.Driver</property>
		<property name="connection.url">jdbc:mysql://localhost:3306/dwz4j</property>
		<property name="dialect">org.hibernate.dialect.MySQLDialect</property>
		<property name="connection.username">root</property>
		<property name="connection.password">123456</property>
		<property name="show_sql">false</property>
		
		<!-- C3P0连接池设定-->

		<property name="hibernate.connection.provider_class">
			org.hibernate.connection.C3P0ConnectionProvider
		</property>
		<property name="cache.provider_class">
			org.hibernate.cache.EhCacheProvider
		</property>

		<mapping
			resource="dwz/persistence/beans/InfNews.hbm.xml" />
			
		<mapping
			resource="dwz/persistence/beans/SysRole.hbm.xml" />
		<mapping
			resource="dwz/persistence/beans/SysLog.hbm.xml" />
		<mapping
			resource="dwz/persistence/beans/SysResource.hbm.xml" />
		<mapping
			resource="dwz/persistence/beans/SysPermission.hbm.xml" />
		<mapping
			resource="dwz/persistence/beans/SysSession.hbm.xml" />
		<mapping
			resource="dwz/persistence/beans/SysUserRole.hbm.xml" />
		<mapping
			resource="dwz/persistence/beans/SysUser.hbm.xml" />

		<mapping
			resource="dwz/persistence/beans/ConFolder.hbm.xml" />	
		<mapping
			resource="dwz/persistence/beans/ConFile.hbm.xml" />

		<mapping
			resource="dwz/persistence/beans/SetPreference.hbm.xml" />

		<mapping
			resource="dwz/persistence/beans/WebPage.hbm.xml" />
		<mapping
			resource="dwz/persistence/beans/WebWebsite.hbm.xml" />
			
		<mapping
			resource="dwz/persistence/beans/InvCategory.hbm.xml" />
		<mapping
			resource="dwz/persistence/beans/InvProduct.hbm.xml" />

	</session-factory>
</hibernate-configuration>
