<?xml version='1.0' encoding='UTF-8'?>
<!DOCTYPE hibernate-configuration PUBLIC
          "-//Hibernate/Hibernate Configuration DTD 3.0//EN"
          "http://hibernate.sourceforge.net/hibernate-configuration-3.0.dtd">

<!-- Generated by MyEclipse Hibernate Tools. -->
<hibernate-configuration>
	<session-factory>
		<property name="hibernate.connection.datasource">
			java:comp/env/jdbc/session
		</property>
		<property name="dialect">
			org.hibernate.dialect.MySQLDialect
		</property>
		<property name="c3p0.timeout">600</property>
		<property name="show_sql">false</property>
		<property name="cache.provider_class">
			org.hibernate.cache.EhCacheProvider
		</property>
		<mapping
			resource="dwz/persistence/beans/SysSession.hbm.xml" />
	</session-factory>
</hibernate-configuration>
