<?xml version="1.0" encoding="UTF-8"?>
<beans xmlns="http://www.springframework.org/schema/beans"
	xmlns:xsi="http://www.w3.org/2001/XMLSchema-instance"
	xmlns:tx="http://www.springframework.org/schema/tx"
	xsi:schemaLocation="http://www.springframework.org/schema/beans 
	http://www.springframework.org/schema/beans/spring-beans-2.0.xsd 
	http://www.springframework.org/schema/tx 
	http://www.springframework.org/schema/tx/spring-tx-2.0.xsd">

	<!-- session factory -->
	<bean id="sessionFactory"
		class="org.springframework.orm.hibernate3.LocalSessionFactoryBean">
		<property name="configLocation"
			value="classpath:hibernate_mysql.cfg.xml">
		</property>
	</bean>

	<!-- transaction manager -->
	<bean id="txManager"
		class="org.springframework.orm.hibernate3.HibernateTransactionManager">
		<property name="sessionFactory">
			<ref bean="sessionFactory" />
		</property>
	</bean>
	
	<!-- DaoIntroductionInterceptor -->
	<bean id="daoIntroductionInterceptor"
		class="dwz.dal.DaoIntroductionInterceptor">
	</bean>

	<!-- IntroductionInterception -->
	<bean id="daoAdvisor"
		class="org.springframework.aop.support.DefaultIntroductionAdvisor">
		<constructor-arg>
			<ref bean="daoIntroductionInterceptor" />
		</constructor-arg>
	</bean>
	
	<bean id="daoProxy"
		class="org.springframework.aop.framework.ProxyFactoryBean" abstract="true">
		<property name="interceptorNames">
			<list>
				<value>daoAdvisor</value>
			</list>
		</property>
	</bean>
	
	<bean id="baseDao" class="dwz.dal.BaseDaoImpl" abstract="true">
		<property name="sessionFactory" ref="sessionFactory" />
	</bean>

	<!-- Spring资源国际化 (统一使用String2国际化) -->
	<!-- 
	<bean id="messageSource"
		class="org.springframework.context.support.ResourceBundleMessageSource">
		<property name="basenames">
			<list>
				<value>resource/messages</value>
			</list>
		</property>
	</bean>
	-->

	<import resource="spring_dao.cfg.xml"/>
	
	<import resource="spring_manager.cfg.xml"/>
	
	<tx:annotation-driven transaction-manager="txManager" />
</beans>